{"cameraMode":{"drawMode":0,"name":"Shaded","section":"Shading Mode"},"sceneLighting":true,"audioPlay":false,"sceneViewState":{"showFog":true,"showMaterialUpdate":false,"showSkybox":true,"showFlares":true,"showImageEffects":true,"showParticleSystems":true},"in2DMode":false,"pivot":{"x":-0.5513628125190735,"y":0.0733642578125,"z":-1.654388427734375},"rotation":{"x":0.6126348376274109,"y":-0.0315094031393528,"z":0.024455711245536805,"w":0.7893708944320679},"size":23.652202606201173,"orthographic":true}